"","Position","Start","End","Organism","x.short","AA_seqence","number_AA","Place","AminoAcid"
"1",83654,82768,84477,"AGTU.c01","fadD","MSELSLGQPENVSVQKRWLSSYPQGVPAEIPASAYSSLVELLEKSCVQFADRKAFSSMGKSLTYRELDIETRAVAAWLQSRGLEKGDRVAVMMPNILQNPVAVYGILRAGMIVVNVNPLYTPRELEHQLKDSGAKALFVLENFAHVAQQAVPKTAVRHVVVAAMGDLLGLKGHIVNLVVRKVKKLVPAYAIPGSISFKAVLKEGQELPLKPASLNAQDIAFLQYTGGTTGISKGAILTHANLLANKAQISLWLDAAFSGKDRPEVLNFICALPLCHIFALTVNSLMGIALGGHNLLIANPRDIPGFVKELSHYRPHIFPGINTLFNAMMNNEDFRKLDLSSLILVLGGGMAVQRPVAERWLSMVGCPIAEGYGLSETSPVATVNRLDATEFSGTIGLPISSTEIDIRDEEGNSLPSGEVGEICIRGPQVMAGYWQRPDETAKAMTADGFFRSGDMGFMDDRGYTKIVDRKKDMILVSGFNVYPNEVEEVAASHPGVLECAAIGVPDEHSGETVKLFVVKKDQSLTEAELKAFCAKNLTNYKRPKIIEFRTELPKSNVGKILRRELRNLN",570,296,"L"
"2",677536,677068,677808,"AGTU.c01","AGTU_00650","MSGFQRLNIVRKTRFGAALAAGVVVIVSLSGGPLVAASCRTDAMAGIDWRECNKRLLMLGGSNLDSAMLYGTDFTYTDLRGSSLKGANLEKAKLIRTALGEANLQGANLTKVEAYRSDFTAADATNAKFINAEMQRTKFENTKLDGTDFTKAELGRADFEGATLNGSKFSLTNLSRARFGGAKLGGPVDFTSAFLLLTRIEGLDLSTATGLDQKQIDIACGDAKTKLPNGLTAPASWPCPEEPDDD",247,157,"A"
"3",703340,703145,704191,"AGTU.c01","ropA_2","MNIKSLLIGSAAALAAVSGAQAADAIVAAEPEPLEYVRVCDAFGTGFFYIPGTETCLKFGGYIRFQTNFGRDSSGTSDWDSFTRAQFEVDTRTDTELGALRGFIGFRGNADGGTAGAVSGTGNTGSGVFVDQAFIELGGLKVGKFYSWWDDDLNGETDILSTNTLFNSIKYTYDAGSFQAALSVDELEGQYGQYQYGADNNVGIGGMIGGKFGAVTANLIASYDFDAENVAIRGILFADIGPGTFGLAGVWASGDNAYYAKSEWAVAVEYAIKATDRLTLTPGFEYLSKLDVNQLDGDFTGDRDAWTAGLTVDYKITEGLATKITANYYDEDGRDDEVTGFVRLQRTF",349,66,"Q"
"4",1372439,1372185,1372541,"AGTU.c01","AGTU_01326","MGKKKEPHPLDLLPFTAKRDGKQLPKPTGDQWPRCFWHVHPTGDYGVDTKIGQEYALAYLDFEENDVGGPGCLNLIVQDMPRELSGIEHSFLQMVCFQAKAGKGRARRIASFWEGAAA",119,85,"S"
"5",2863371,2863278,2864348,"AGTU.c01","yjgN","MSDISVSADQRAIERGSFSGNAKEYFGIWIVNILLTIITIGIYSAWAKVRRKRYFNGNTVLAGRAFGYHATGGQIFKGRLIAFAFIVISQLVGLIHPFLVFVPAILLMIFFPWLITRSIRFNARVTSYRNVRFDFVGTAGGAFVSILLGGLVALFSFGILAPLASRWANRYIFSNLRYGDRPFTADPKIGALYRVWIIPAIMVVIGSVVVGFFGIAAFAANSAMLEDETAAMVTALASLYIGLFGAFLVYGLAGVVYRTGVRNVVISSMLLDGKHELRSDLHRGRYLWIVISNLIVTVFTFGLMRPWAAVREARYTVERTAIRFNGDVGEVLSSMEATGAAVSAEYMDMEGFEFGF",357,32,"N"
"6",555455,553939,556656,"AGTU.c02","secA","MVSLGGIARKLFGSANERRVRSYKSKIAAINALEEATKALSDEALAAKTVEFRQQLADGKSLDDLLIPAFAVAREASRRVLHMRPFDVQLTGAMILHGGAIAEMKTGEGKTLVATLAVYLNALAGKGVHVVTVNDYLAKRDAATMSRLYGFLGLTTGVIVHGLDDDQRREAYACDITYATNNELGFDYLRDNMKYDRAQMVQRSHNYAIVDEVDSILVDEARTPLIISGPLDDRSDLYNTIDAFIPLLSPEDYEIDEKQRSANFSEDGTEKLENLLRQAGLLKGESLYDIENVAIVHHINNALKAHKLFTRDKDYIVRNDEIVIIDEFTGRMMPGRRYSEGQHQALEAKEKVQIQPENQTLSSVTFQNYFRMYAKLAGMTGTASTEAEEFGNIYGLDVIEVPTNLPIQRIDEDDEVYRTGEEKFLAIITEIKAAHERGQPVLVGTTSIEKSELLAHMLRQSGFTDFQVLNARYHEQEAYIVSQAGVPGAVTIATNMAGRGTDIQLGGNVDMRLERELEGMEPGPERDAKEEAIRAEIKVLKEKALAAGGLYVIATERHESRRIDNQLRGRSGRQGDPGRSKFYLSLQDDLMRIFGSERMDSMLQKLGLKEGEAIVHPWINKALERAQKKVEARNFETRKNLLKYDDVLNDQRKVIFEQRLELMESDNIGETAADMRHEVIEALVTKHIPENAYAEQWDIAGLKAGIEQFLNLNLPVEEWAKEEGIAEDDILERVTEAADKYAAERAERFGPEIMAYVERSVVLQTIDHLWREHIVNLDHLRSVVGFRGYAQRDPLQEYKAEAFELFQTLLTNLREAVTAQLMRVELVQQEPQQPELPEMTAHHLDPVTGEDEMSHIGQVAPVAFVPSEERDPNNPATWGRIGRNEMCPCGSGKKYKHCHGVYEQA",906,506,"G"
"7",181352,181281,181562,"AGTU.p02","frmR","MPHSIEDRKRVSTRLRRIKGQVEALERAVEAGTECRLLLQQIAAMRGAAGGVMAEVLEIHLRETMGSAELQQKPSIKDDQMEDIMKILRAYLK",94,24,"A"
"8",4436504,4436374,4436670,"COTE.c01","COTE_04126","MNFSDAIKELTLGKRLQRTGWGGKGLFVYLVPAASCPVQTGAAKEHFGVGAMVPYNAYLAIKNVDETVSTWVPSVNACLADAGCGGLHGLAPPSARAG",99,44,"K"
"9",5466537,5465708,5466982,"COTE.c01","nasR","MKTPLHYLVAARQSEIAELEQISRASSLVASVSELVHALQKERGLSNIFLVSGGAQAQQSLLDHGRHVDRVMERVCLALEELGARAPGAHGARLFNAIANALQGFEALPLLRRRRDALQLSAEDCTQALIRMIAACLTVVFEAADSACDPDIAKLLVALFHFMQGKELAGQERATGVAAFTAGGGRSERQRHWLHLIESQERCFQVFADFASPSGMERWQQQCGACPDMTVIERLRRMGCTAGDGMALDRSLSSPWFEACSSRLDAMHQIEAFLADELQAQCLRKLEQAGAALGQQLALLEMQPQPGTRAEAAAAFLGATQSAASLPAEGAYGLQLEKSIVLLVQEQSMRLQDMQTEIDKARATLKERKTIERAKGVLMNYRQLSEGDAYKLIRQTAMNQNRRMLDVAEAILATVDLLPGSTNS",425,277,"E"
"10",5466552,5465708,5466982,"COTE.c01","nasR","MKTPLHYLVAARQSEIAELEQISRASSLVASVSELVHALQKERGLSNIFLVSGGAQAQQSLLDHGRHVDRVMERVCLALEELGARAPGAHGARLFNAIANALQGFEALPLLRRRRDALQLSAEDCTQALIRMIAACLTVVFEAADSACDPDIAKLLVALFHFMQGKELAGQERATGVAAFTAGGGRSERQRHWLHLIESQERCFQVFADFASPSGMERWQQQCGACPDMTVIERLRRMGCTAGDGMALDRSLSSPWFEACSSRLDAMHQIEAFLADELQAQCLRKLEQAGAALGQQLALLEMQPQPGTRAEAAAAFLGATQSAASLPAEGAYGLQLEKSIVLLVQEQSMRLQDMQTEIDKARATLKERKTIERAKGVLMNYRQLSEGDAYKLIRQTAMNQNRRMLDVAEAILATVDLLPGSTNS",425,282,"C"
"11",5466695,5465708,5466982,"COTE.c01","nasR","MKTPLHYLVAARQSEIAELEQISRASSLVASVSELVHALQKERGLSNIFLVSGGAQAQQSLLDHGRHVDRVMERVCLALEELGARAPGAHGARLFNAIANALQGFEALPLLRRRRDALQLSAEDCTQALIRMIAACLTVVFEAADSACDPDIAKLLVALFHFMQGKELAGQERATGVAAFTAGGGRSERQRHWLHLIESQERCFQVFADFASPSGMERWQQQCGACPDMTVIERLRRMGCTAGDGMALDRSLSSPWFEACSSRLDAMHQIEAFLADELQAQCLRKLEQAGAALGQQLALLEMQPQPGTRAEAAAAFLGATQSAASLPAEGAYGLQLEKSIVLLVQEQSMRLQDMQTEIDKARATLKERKTIERAKGVLMNYRQLSEGDAYKLIRQTAMNQNRRMLDVAEAILATVDLLPGSTNS",425,330,"G"
"12",5466897,5465708,5466982,"COTE.c01","nasR","MKTPLHYLVAARQSEIAELEQISRASSLVASVSELVHALQKERGLSNIFLVSGGAQAQQSLLDHGRHVDRVMERVCLALEELGARAPGAHGARLFNAIANALQGFEALPLLRRRRDALQLSAEDCTQALIRMIAACLTVVFEAADSACDPDIAKLLVALFHFMQGKELAGQERATGVAAFTAGGGRSERQRHWLHLIESQERCFQVFADFASPSGMERWQQQCGACPDMTVIERLRRMGCTAGDGMALDRSLSSPWFEACSSRLDAMHQIEAFLADELQAQCLRKLEQAGAALGQQLALLEMQPQPGTRAEAAAAFLGATQSAASLPAEGAYGLQLEKSIVLLVQEQSMRLQDMQTEIDKARATLKERKTIERAKGVLMNYRQLSEGDAYKLIRQTAMNQNRRMLDVAEAILATVDLLPGSTNS",425,397,"A"
"13",5466897,5465708,5466982,"COTE.c01","nasR","MKTPLHYLVAARQSEIAELEQISRASSLVASVSELVHALQKERGLSNIFLVSGGAQAQQSLLDHGRHVDRVMERVCLALEELGARAPGAHGARLFNAIANALQGFEALPLLRRRRDALQLSAEDCTQALIRMIAACLTVVFEAADSACDPDIAKLLVALFHFMQGKELAGQERATGVAAFTAGGGRSERQRHWLHLIESQERCFQVFADFASPSGMERWQQQCGACPDMTVIERLRRMGCTAGDGMALDRSLSSPWFEACSSRLDAMHQIEAFLADELQAQCLRKLEQAGAALGQQLALLEMQPQPGTRAEAAAAFLGATQSAASLPAEGAYGLQLEKSIVLLVQEQSMRLQDMQTEIDKARATLKERKTIERAKGVLMNYRQLSEGDAYKLIRQTAMNQNRRMLDVAEAILATVDLLPGSTNS",425,397,"A"
"14",5466905,5465708,5466982,"COTE.c01","nasR","MKTPLHYLVAARQSEIAELEQISRASSLVASVSELVHALQKERGLSNIFLVSGGAQAQQSLLDHGRHVDRVMERVCLALEELGARAPGAHGARLFNAIANALQGFEALPLLRRRRDALQLSAEDCTQALIRMIAACLTVVFEAADSACDPDIAKLLVALFHFMQGKELAGQERATGVAAFTAGGGRSERQRHWLHLIESQERCFQVFADFASPSGMERWQQQCGACPDMTVIERLRRMGCTAGDGMALDRSLSSPWFEACSSRLDAMHQIEAFLADELQAQCLRKLEQAGAALGQQLALLEMQPQPGTRAEAAAAFLGATQSAASLPAEGAYGLQLEKSIVLLVQEQSMRLQDMQTEIDKARATLKERKTIERAKGVLMNYRQLSEGDAYKLIRQTAMNQNRRMLDVAEAILATVDLLPGSTNS",425,400,"Q"
"15",5643748,5643413,5644879,"COTE.c01","trkH","MKDLLPVLRVLGMLMMMFAGAMLLPFGISWFTQDGIWRIYPWSIGLTVGVGLLLWGGLHRHKQDLQPRHGVILVTLVWVVLPLCAMVPLVMGLNRVGISISLTHAYFEAVSGLTTTGATVLSGLDQLPVSINVWRTFMQWMGGMGILILAVAVLPLLGVGGAQLFRAEAAGPVKDTKLTPRITETAKGLWGVYALFSIGCFVTFWVCGMQPLDALMHMFATVSLGGLSSHDASFAYFNSPLLEVAALLFMLLASCNFALYFVAMRKGRIESFMRDPEMRATIGVLLGSGLLVALLLWIKGVYGPLDALRNGMFHTVSVATTTGFSTTDYLAWPVFIPVLLLLLSGVATSAGSTGGGIKMVRMLILVKQARREMTRLVHPRAVQPVRLGDAVVDNPMIFSVLAYMLVYGATVIVLSMVLLLTDLDPLTAFSAVLASVHCMGPGLGAVGPSSNYTVLTDFQIWVCTLGMLLGRLEILSFMALLSPAFWRR",489,112,"G"
"16",699272,697714,699714,"MISA.c01","ftsH_1","MDVKKLTRNPLIYVALIGVLLFGGFLLISNLGAPKQITTQEGLKLLSGTTVTEVVNTDGDQRVDMTLSKPFQGSENVQFYYVDARADEVVTAINEAAPKDGFNDAVPRATWFDGFLSLLLPLVLLGLLFWWLLSSMQGGGGKVMQFGKSKAKLVNKETPTVTFADVAGADEAIEELHEIKEFLQDPAKFQAIGARIPKGVLLYGPPGTGKTLLARAVAGEAGAPFYSISGSDFVEMFVGVGASRVRDLFGQAKENAPAIIFIDEIDAVGRHRGAGMGGGNDEREQTLNQMLVEMDGFDPNANVIVIAATNRPDILDPALLRPGRFDRQIGVDAPDLKGRQKILEVHSKGKPLAKSVDLEVVARKTPGFTGADLANVLNEAALLTARSNAQLVDNRALDEAIDRVIAGPQRRTRVMRDKEKLITAYHEGGHALAAAAMNYTDPVTKITILPRGKALGYTMVLPLDDKYSVTRNELQDQLTYAMGGRVAEEIVFHDPTTGASNDIEKATSIARKMVIEYGMTAELGPVKLGTEGGEPFAGRDMGRGREYSETIAERVDTQVRALIEQAHNEAYEVISANRDILDKLALALLEEETLDHNQIAEIFTEIKKLPERPLWLSSERRPVSERPPIEVPKKDVSLAASVEAPASAPRTQPGSAGAGNPRPATA",667,520,"T"
"17",1281972,1281677,1282456,"MISA.c01","dedA_1","MLHAPTALIPWLDPATIIGTAGPWALLVVCFIIFAETGLLVGFLLPGDTLLVIAGLLSHPIAGSEHGVFGINVWWVALLIGLAAFVGGEVGYVIGHKGGPAVFERKESGLFSKKNVERTNAFFERFGGITVILARFVPIVRTFAPVAAGVGHMPWRKYTLYNLIGAVLWGFGLTMFGYLIGFIPPVAEFVESYIDLILLAAVGGTALVTLWHYLSERHKAKKSAAAGEDVVTDAEEAQELVLDADVFDRSPDLDGDGKH",260,99,"G"
"18",1628511,1628109,1629221,"MISA.c01","MISA_01549","VPENHEPQERSLGGQPPEAVEKIYADGVAMVQLLGPQDRLLRMLEKEHRDVQVLVRGNEITLSGTADAVAKAKTLVEELLEMTRAGHDLAPSDVSSSARMLRQEGGPRPSEVLGEAILTTRGKVIRPKTLGQKEYVDAIEENTIVFGIGPAGTGKTYLAMAKAVQALQRKEVTRIILTRPAVEAGERLGFLPGTLTDKIDPYLRPLYDALNEMMDPEIVPRLMATGTIEVAPLAYMRGRTLNDSFVVLDEAQNTTPEQMKMFLTRLGFGTRMVVTGDITQVDLPQGSSGLRLVTRVLDGIDDIHFSRLTSDDVVRHSLVGRIVDAYSEYDEKRTAQRFEREQAAEFANRAERRGAQRPGPRDRAPKRGLS",371,135,"Y"
"19",2587322,2587129,2588556,"MISA.c01","puuP_3","MATKTKPLAQGGGTLRRNLGLWAIVGLGLGYMTPTVVFDTFGMVARDTDNVVPAAYLVALVVMVFTAISYGKISSAIPSAGSAYTYVRESIHPNLGFMVGWTSLIDYVLLPMVNCLIIRSYLEALFPEIPGWIWVVLYCILVTSIIYLTMRGTSNLNMILLIFSIIVMVVFVVMVIAQLMRGEGAATVASMTPFFHDGATMSAVLMGATIVCFSFIGFDAVTMYAEEAKDPKIMPKAILLTVLLGGAIFLISGYLTQLRFPDWNEFAPGGDMQFVEDSTLPVIGNLVGGPVLMAVLTAAGFCATLASGLASHASVSRMLLVMGRNNVLPQRAFGYINPRTHTPTFNIVLVGAISLLAIPFTLELIAAWINFGALIAFTFVNISVIAWFAIRKGRRKTPGDIFSFIVMPGIGMVLTGLLWANLHEDALRGGLVWTAIGVVYLAIITKGFRKKVVAFDENQAVTGYNKVVKVPVDES",476,65,"F"
"20",3643534,3643263,3644012,"MISA.c01","srlR","MLAAQRKDHLLDLLARDGRVVAKTVADEVGVSEDAIRRDLRELAEEGKLQRVYGGALPIPAPEAPVSERTELATASKERVARAAVATIRPDSTIILDAGTTTLAMARILPSGTGLTVITASPTVALAAAEHSDARVIMVGGELSRHSLVTGGGMAMEAIQHLAADTFFLGATGIDPARGLTTGELEDAVTKRALASRCTETVVLASEEKIGAVARYPILALDAVTAIITDPADDNPLTAEVESRIAGRE",250,91,"D"
"21",2116572,2115807,2116997,"OCAN.c02","yjiA","MPNPIPVSVLTGFLGSGKTTLLNRLLKDPALSDTAVIINEFGEISIDHLLVEQASEGVIELSDGCLCCTVRGELVDTLADLIDRLQTGRIKALKRVIIETTGLADPAPVLHSIMGHPVLMQAFRLDGVLATVDAVNGMATLDNHEEAVKQAAMADRIVLTKTDLPEAQSGLAALKARLHALHPGADILEAGEQRTGYAALFECGLYNPETKSADVQRWLKAEAYEDGHHDHSHHGRSHGPDHACGPNCDHDHHHHDEHHHDHGHAHHHHHDDAIRSFSLRHDAPIPLSTFDMFLDLLRSTHGEKLLRVKGIVQIAEDPDRPVVIHGVQKIFHPPARLPQWPQDKRETLLVMIVKDLPETYVRELFDAFLGRPALDRPDRAALMENPLAIPGFSPRS",397,256,"D"
"22",2116572,2115807,2116997,"OCAN.c02","yjiA","MPNPIPVSVLTGFLGSGKTTLLNRLLKDPALSDTAVIINEFGEISIDHLLVEQASEGVIELSDGCLCCTVRGELVDTLADLIDRLQTGRIKALKRVIIETTGLADPAPVLHSIMGHPVLMQAFRLDGVLATVDAVNGMATLDNHEEAVKQAAMADRIVLTKTDLPEAQSGLAALKARLHALHPGADILEAGEQRTGYAALFECGLYNPETKSADVQRWLKAEAYEDGHHDHSHHGRSHGPDHACGPNCDHDHHHHDEHHHDHGHAHHHHHDDAIRSFSLRHDAPIPLSTFDMFLDLLRSTHGEKLLRVKGIVQIAEDPDRPVVIHGVQKIFHPPARLPQWPQDKRETLLVMIVKDLPETYVRELFDAFLGRPALDRPDRAALMENPLAIPGFSPRS",397,256,"D"
"23",2116572,2115807,2116997,"OCAN.c02","yjiA","MPNPIPVSVLTGFLGSGKTTLLNRLLKDPALSDTAVIINEFGEISIDHLLVEQASEGVIELSDGCLCCTVRGELVDTLADLIDRLQTGRIKALKRVIIETTGLADPAPVLHSIMGHPVLMQAFRLDGVLATVDAVNGMATLDNHEEAVKQAAMADRIVLTKTDLPEAQSGLAALKARLHALHPGADILEAGEQRTGYAALFECGLYNPETKSADVQRWLKAEAYEDGHHDHSHHGRSHGPDHACGPNCDHDHHHHDEHHHDHGHAHHHHHDDAIRSFSLRHDAPIPLSTFDMFLDLLRSTHGEKLLRVKGIVQIAEDPDRPVVIHGVQKIFHPPARLPQWPQDKRETLLVMIVKDLPETYVRELFDAFLGRPALDRPDRAALMENPLAIPGFSPRS",397,256,"D"
"24",2116572,2115807,2116997,"OCAN.c02","yjiA","MPNPIPVSVLTGFLGSGKTTLLNRLLKDPALSDTAVIINEFGEISIDHLLVEQASEGVIELSDGCLCCTVRGELVDTLADLIDRLQTGRIKALKRVIIETTGLADPAPVLHSIMGHPVLMQAFRLDGVLATVDAVNGMATLDNHEEAVKQAAMADRIVLTKTDLPEAQSGLAALKARLHALHPGADILEAGEQRTGYAALFECGLYNPETKSADVQRWLKAEAYEDGHHDHSHHGRSHGPDHACGPNCDHDHHHHDEHHHDHGHAHHHHHDDAIRSFSLRHDAPIPLSTFDMFLDLLRSTHGEKLLRVKGIVQIAEDPDRPVVIHGVQKIFHPPARLPQWPQDKRETLLVMIVKDLPETYVRELFDAFLGRPALDRPDRAALMENPLAIPGFSPRS",397,256,"D"
